21/4/24,c,Headquarter
21/4/24,c,Headquarter
23/4/24,c,Headquarter
23/4/24,b,Manager
23/4/24,c,Headquarter
23/4/24,c,Headquarter
23/4/24,c,Headquarter
23/4/24,c,Headquarter
23/4/24,c,Headquarter
23/4/24,c,Headquarter
23/4/24,c,Headquarter
23/4/24,c,Headquarter
23/4/24,c,Headquarter
23/4/24,c,Headquarter
23/4/24,b,Manager
23/4/24,b,Manager
23/4/24,c,Headquarter
23/4/24,b,Manager
23/4/24,c,Headquarter
23/4/24,b,Manager
23/4/24,c,Headquarter
23/4/24,b,Manager
23/4/24,c,Headquarter
23/4/24,b,Manager
23/4/24,b,Manager
23/4/24,c,Headquarter
23/4/24,b,Manager
23/4/24,b,Manager
23/4/24,b,Manager
23/4/24,c,Headquarter
23/4/24,b,Manager
23/4/24,c,Headquarter
<<<<<<< HEAD
24/4/24,c,Headquarter
24/4/24,c,Headquarter
24/4/24,c,Headquarter
24/4/24,c,Headquarter
24/4/24,c,Headquarter
24/4/24,c,Headquarter
24/4/24,c,Headquarter
24/4/24,c,Headquarter
24/4/24,c,Headquarter
24/4/24,c,Headquarter
24/4/24,c,Headquarter
24/4/24,c,Headquarter
24/4/24,c,Headquarter
24/4/24,c,Headquarter
24/4/24,c,Headquarter
24/4/24,c,Headquarter
24/4/24,c,Headquarter
24/4/24,c,Headquarter
24/4/24,c,Headquarter
24/4/24,c,Headquarter
24/4/24,c,Headquarter
24/4/24,c,Headquarter
24/4/24,c,Headquarter
24/4/24,c,Headquarter
24/4/24,c,Headquarter
24/4/24,c,Headquarter
24/4/24,c,Headquarter
24/4/24,c,Headquarter
24/4/24,c,Headquarter
24/4/24,c,Headquarter
24/4/24,c,Headquarter
24/4/24,c,Headquarter
24/4/24,c,Headquarter
24/4/24,c,Headquarter
24/4/24,c,Headquarter
24/4/24,c,Headquarter
24/4/24,c,Headquarter
24/4/24,c,Headquarter
24/4/24,c,Headquarter
24/4/24,c,Headquarter
24/4/24,b,Manager
24/4/24,a,Staff
24/4/24,c,Headquarter
24/4/24,a,Staff
24/4/24,bb,Manager
24/4/24,aa,Staff
24/4/24,c,Headquarter
24/4/24,b,Manager
24/4/24,a,Staff
24/4/24,bb,Manager
24/4/24,aa,Staff
24/4/24,c,Headquarter
24/4/24,c,Headquarter
24/4/24,c,Headquarter
24/4/24,c,Headquarter
24/4/24,b,Manager
24/4/24,a,Staff
24/4/24,c,Headquarter
24/4/24,c,Headquarter
24/4/24,c,Headquarter
24/4/24,c,Headquarter
24/4/24,c,Headquarter
24/4/24,c,Headquarter
24/4/24,c,Headquarter
24/4/24,c,Headquarter
24/4/24,c,Headquarter
24/4/24,c,Headquarter
24/4/24,c,Headquarter
24/4/24,c,Headquarter
24/4/24,c,Headquarter
24/4/24,c,Headquarter
24/4/24,c,Headquarter
24/4/24,c,Headquarter
24/4/24,c,Headquarter
24/4/24,c,Headquarter
=======
23/4/24,c,Headquarter
23/4/24,b,Manager
23/4/24,a,Staff
23/4/24,b,Manager
23/4/24,c,Headquarter
23/4/24,c,Headquarter
23/4/24,b,Manager
23/4/24,a,Staff
23/4/24,c,Headquarter
24/4/24,c,Headquarter
24/4/24,a,Staff
24/4/24,a,Staff
24/4/24,a,Staff
24/4/24,a,Staff
24/4/24,a,Staff
24/4/24,a,Staff
24/4/24,a,Staff
24/4/24,a,Staff
24/4/24,a,Staff
24/4/24,a,Staff
24/4/24,a,Staff
24/4/24,a,Staff
24/4/24,a,Staff
24/4/24,a,Staff
24/4/24,a,Staff
24/4/24,a,Staff
24/4/24,a,Staff
24/4/24,a,Staff
24/4/24,a,Staff
24/4/24,a,Staff
24/4/24,a,Staff
24/4/24,a,Staff
24/4/24,a,Staff
24/4/24,a,Staff
24/4/24,a,Staff
24/4/24,a,Staff
24/4/24,a,Staff
24/4/24,a,Staff
24/4/24,a,Staff
24/4/24,a,Staff
24/4/24,a,Staff
24/4/24,a,Staff
24/4/24,a,Staff
24/4/24,a,Staff
24/4/24,a,Staff
>>>>>>> origin/Atom-Containers
24/4/24,a,Staff
25/4/24,a,Staff
25/4/24,c,Headquarter
25/4/24,c,Headquarter
25/4/24,c,Headquarter
25/4/24,c,Headquarter
25/4/24,c,Headquarter
25/4/24,c,Headquarter
25/4/24,c,Headquarter
25/4/24,c,Headquarter
25/4/24,c,Headquarter
25/4/24,c,Headquarter
25/4/24,c,Headquarter
25/4/24,c,Headquarter
25/4/24,c,Headquarter
25/4/24,c,Headquarter
25/4/24,c,Headquarter
25/4/24,c,Headquarter
25/4/24,c,Headquarter
25/4/24,c,Headquarter
25/4/24,c,Headquarter
25/4/24,c,Headquarter
25/4/24,c,Headquarter
25/4/24,c,Headquarter
25/4/24,c,Headquarter
25/4/24,c,Headquarter
25/4/24,c,Headquarter
25/4/24,c,Headquarter
25/4/24,c,Headquarter
25/4/24,c,Headquarter
25/4/24,c,Headquarter
25/4/24,c,Headquarter
25/4/24,c,Headquarter
25/4/24,c,Headquarter
25/4/24,c,Headquarter
25/4/24,c,Headquarter
25/4/24,c,Headquarter
25/4/24,c,Headquarter
25/4/24,c,Headquarter
25/4/24,c,Headquarter
25/4/24,c,Headquarter
25/4/24,c,Headquarter
25/4/24,c,Headquarter
25/4/24,c,Headquarter
25/4/24,c,Headquarter
25/4/24,c,Headquarter
25/4/24,c,Headquarter
25/4/24,c,Headquarter
25/4/24,c,Headquarter
25/4/24,c,Headquarter
25/4/24,c,Headquarter
25/4/24,c,Headquarter
25/4/24,c,Headquarter
25/4/24,c,Headquarter
25/4/24,c,Headquarter
25/4/24,c,Headquarter
25/4/24,c,Headquarter
25/4/24,c,Headquarter
25/4/24,c,Headquarter
25/4/24,c,Headquarter
25/4/24,c,Headquarter
25/4/24,c,Headquarter
25/4/24,c,Headquarter
25/4/24,c,Headquarter
25/4/24,c,Headquarter
25/4/24,c,Headquarter
25/4/24,c,Headquarter
25/4/24,c,Headquarter
25/4/24,c,Headquarter
25/4/24,c,Headquarter
25/4/24,c,Headquarter
25/4/24,c,Headquarter
25/4/24,c,Headquarter
25/4/24,c,Headquarter
25/4/24,c,Headquarter
25/4/24,c,Headquarter
25/4/24,c,Headquarter
25/4/24,b,Manager
25/4/24,c,Headquarter
25/4/24,c,Headquarter
25/4/24,c,Headquarter
25/4/24,c,Headquarter
25/4/24,c,Headquarter
25/4/24,c,Headquarter
25/4/24,c,Headquarter
25/4/24,c,Headquarter
25/4/24,c,Headquarter
25/4/24,c,Headquarter
25/4/24,c,Headquarter
25/4/24,c,Headquarter
25/4/24,c,Headquarter
25/4/24,c,Headquarter
25/4/24,b,Manager
25/4/24,b,Manager
25/4/24,b,Manager
25/4/24,c,Headquarter
25/4/24,b,Manager
25/4/24,b,Manager
